{
    "datasetType": "parallel-corpus",
    "languages": {
        "sourceLanguage": "hi",
        "targetLanguage": "te"
    },
    "collectionSource": [
	    "Goverment sites",
	    "law corpus by hemart",
	    "Open Education books"
    ],
    "domain":[
	    "Law"
    ],
    "collectionMethod": {
        "collectionDescription": [
		"machine-translated-post-edited"
	],
        "collectionDetails": {
            "contributor": {
                "name": "LTRC, IIIT-Hyderabad",
                "aboutMe": "Language Technologies Research Centre, IIIT-Hyderabad, India"
            }
        }
    },
    "license": "cc-by-nc-3.0",
    "submitter": {
        "name": "LTRC, IIIT-Hyderabad",
        "aboutMe": "Hindi – Telugu Parallel corpus developed under ILMT Hindi-Telugu Pilot by IIIT-Hyderabad. Funded by Meity , Gov. of India",
        "team": [
            {
                "name": "Dr. Dipti Misra Sharma",
                "aboutMe": "PI and Professor, LTRC, IIIT-Hyderabad, Hyderabad, India"
            }
        ]
    }
}

